"Date","Price","Open","High","Low","Vol.","Change %"
"12/31/2018","217.80","216.11","218.45","215.28","136.53K","0.78%"
"12/28/2018","216.11","217.00","217.29","214.50","47.58K","-0.17%"
"12/27/2018","216.48","216.55","216.97","215.39","82.54K","-0.22%"
"12/26/2018","216.96","216.93","217.40","216.14","115.12K","-0.01%"
"12/25/2018","216.99","215.95","217.25","215.95","27.75K","0.54%"
"12/24/2018","215.83","215.45","216.00","214.20","103.64K","0.23%"
"12/21/2018","215.33","213.58","215.88","213.15","144.24K","0.89%"
"12/20/2018","213.42","214.00","214.99","211.71","81.16K","-0.18%"
"12/19/2018","213.81","215.52","215.74","213.41","27.35K","-0.90%"
"12/18/2018","215.76","216.89","217.29","215.58","78.47K","-0.50%"
"12/17/2018","216.84","216.60","216.97","215.76","53.32K","0.28%"
"12/14/2018","216.23","216.00","217.89","215.37","78.93K","0.00%"
"12/13/2018","216.24","216.78","218.28","214.50","100.17K","-0.51%"
"12/12/2018","217.35","217.50","218.76","216.22","110.49K","-0.13%"
"12/11/2018","217.64","216.24","219.41","215.65","171.74K","0.68%"
"12/10/2018","216.17","215.47","216.52","214.05","86.12K","0.98%"
"12/07/2018","214.07","216.60","216.60","213.61","73.61K","-1.49%"
"12/06/2018","217.31","217.80","218.00","215.46","135.56K","0.60%"
"12/05/2018","216.02","219.39","220.37","215.25","134.32K","-1.73%"
"12/04/2018","219.83","212.59","221.00","211.87","222.53K","3.31%"
"12/03/2018","212.78","207.36","213.32","206.09","162.85K","2.76%"
"11/30/2018","207.07","207.30","208.00","206.17","37.13K","-0.22%"
"11/29/2018","207.52","209.10","209.58","206.36","89.09K","-0.92%"
"11/28/2018","209.44","209.80","210.05","208.90","32.37K","-0.66%"
"11/27/2018","210.84","210.00","211.30","209.23","133.36K","0.32%"
"11/26/2018","210.17","212.21","212.74","209.80","110.52K","-0.91%"
"11/23/2018","212.10","213.71","214.00","211.80","108.73K","-0.70%"
"11/22/2018","213.60","215.11","215.98","213.22","56.26K","-0.84%"
"11/21/2018","215.42","217.90","218.00","214.71","64.33K","-1.36%"
"11/20/2018","218.38","214.90","218.79","214.28","71.42K","1.60%"
"11/19/2018","214.95","215.27","215.50","213.42","41.22K","-0.20%"
"11/16/2018","215.39","216.10","216.21","214.12","62.25K","-0.28%"
"11/15/2018","216.00","218.00","218.51","214.84","127.05K","-0.65%"
"11/14/2018","217.41","218.17","218.53","216.36","67.85K","-0.33%"
"11/13/2018","218.12","217.59","218.70","216.66","136.22K","0.40%"
"11/12/2018","217.25","219.26","220.25","216.32","119.67K","-0.97%"
"11/09/2018","219.38","220.90","223.57","218.70","146.17K","-0.97%"
"11/08/2018","221.52","219.84","221.85","218.76","143.74K","0.63%"
"11/07/2018","220.14","220.01","221.50","218.01","87.00K","-0.30%"
"11/06/2018","220.81","219.05","221.55","217.00","151.13K","0.37%"
"11/05/2018","219.99","222.13","223.70","219.50","87.98K","-1.03%"
"11/02/2018","222.28","225.37","225.37","221.37","118.37K","-1.40%"
"11/01/2018","225.44","225.80","229.15","225.05","139.34K","4.88%"
"10/31/2018","214.96","214.22","216.60","212.60","165.17K","-0.48%"
"10/30/2018","215.99","224.28","224.28","214.00","121.02K","-3.71%"
"10/26/2018","224.31","223.50","225.00","222.40","81.67K","0.36%"
"10/25/2018","223.51","227.50","228.30","217.02","135.09K","-0.77%"
"10/24/2018","225.24","229.40","229.46","224.30","129.83K","-2.18%"
"10/23/2018","230.26","224.30","233.94","224.30","274.19K","3.01%"
"10/22/2018","223.53","224.00","224.75","222.70","132.57K","-0.64%"
"10/19/2018","224.98","223.00","225.80","221.76","160.60K","0.85%"
"10/18/2018","223.08","222.75","224.00","218.01","207.18K","0.13%"
"10/17/2018","222.78","227.72","227.72","222.45","155.29K","-2.50%"
"10/16/2018","228.50","229.01","230.79","228.00","210.46K","-0.20%"
"10/15/2018","228.95","233.00","233.00","227.59","227.22K","-2.14%"
"10/12/2018","233.96","235.51","238.00","230.00","202.01K","-1.47%"
"10/11/2018","237.44","233.00","237.75","231.79","238.86K","1.81%"
"10/10/2018","233.21","235.85","236.32","231.00","182.31K","-1.22%"
"10/09/2018","236.10","236.00","236.99","234.89","199.32K","-0.05%"
"10/08/2018","236.21","239.21","240.81","236.01","188.31K","-1.19%"
"10/05/2018","239.06","243.00","243.50","238.42","175.00K","-1.32%"
"10/04/2018","242.26","235.92","242.95","235.65","202.05K","2.86%"
"10/03/2018","235.53","234.70","237.80","234.00","253.35K","0.33%"
"10/02/2018","234.76","230.50","234.98","230.50","216.16K","1.88%"
"10/01/2018","230.42","232.00","234.10","228.79","178.49K","-1.34%"
"09/28/2018","233.54","230.80","233.86","229.26","97.28K","0.96%"
"09/27/2018","231.32","238.61","239.38","230.00","139.68K","-3.01%"
"09/26/2018","238.49","242.08","249.00","238.07","51.66K","-1.65%"
"09/25/2018","242.49","241.36","243.73","238.60","87.81K","0.13%"
"09/24/2018","242.18","246.55","247.50","241.11","84.61K","-1.41%"
"09/21/2018","245.65","247.56","248.70","245.04","137.39K","-0.60%"
"09/20/2018","247.13","246.53","250.50","242.00","293.07K","-0.06%"
"09/19/2018","247.28","250.00","252.80","245.82","239.42K","-1.32%"
"09/18/2018","250.58","250.17","253.69","249.61","220.83K","0.27%"
"09/17/2018","249.90","244.50","251.00","244.20","235.15K","2.72%"
"09/14/2018","243.28","245.19","245.19","239.01","172.36K","-0.91%"
"09/13/2018","245.52","251.50","264.48","243.50","236.23K","-2.56%"
"09/12/2018","251.98","255.82","256.00","251.00","78.07K","-1.50%"
"09/11/2018","255.81","256.00","257.83","254.24","73.29K","-0.50%"
"09/10/2018","257.09","256.84","259.86","250.48","119.55K","1.14%"
"09/07/2018","254.19","263.53","264.16","250.37","136.45K","-3.69%"
"09/06/2018","263.92","264.90","268.60","262.26","136.17K","-0.40%"
"09/05/2018","264.97","272.28","272.34","264.11","106.67K","-2.50%"
"09/04/2018","271.77","274.18","276.57","270.15","85.49K","-1.25%"
"09/03/2018","275.21","284.53","285.67","272.60","101.10K","8.59%"
"08/31/2018","253.44","253.75","254.95","249.10","30.46K","1.58%"
"08/29/2018","249.50","246.24","250.24","245.20","25.62K","2.13%"
"08/28/2018","244.30","241.00","246.00","241.00","48.97K","1.75%"
"08/27/2018","240.11","239.03","246.80","236.11","58.38K","0.07%"
"08/20/2018","239.95","235.40","240.69","234.50","15.02K","1.33%"
"08/17/2018","236.79","223.39","242.40","222.00","62.36K","6.06%"
"08/16/2018","223.27","229.80","229.80","219.05","34.77K","-3.90%"
"08/15/2018","232.32","251.00","251.00","229.48","40.18K","-8.88%"
"08/14/2018","254.97","270.00","270.00","247.02","31.09K","-5.94%"
"08/13/2018","271.06","250.20","276.00","250.20","22.60K","7.88%"
"08/10/2018","251.26","224.81","260.08","224.81","59.57K","15.93%"
"08/09/2018","216.74","209.00","218.00","209.00","54.42K","4.08%"
"08/08/2018","208.24","207.45","209.99","207.00","18.41K","0.48%"
"08/07/2018","207.24","204.60","213.55","204.00","66.95K","1.15%"
"08/06/2018","204.88","202.00","205.25","201.51","44.20K","1.58%"
"08/03/2018","201.70","201.30","202.00","199.47","24.60K","0.32%"
"08/02/2018","201.05","197.25","204.00","197.25","101.97K","2.51%"
"08/01/2018","196.13","196.36","197.28","195.77","19.24K","-0.05%"
"07/31/2018","196.22","195.94","196.65","194.64","16.24K","0.27%"
"07/30/2018","195.70","193.70","196.24","193.70","11.74K","0.63%"
"07/27/2018","194.47","195.40","195.50","193.82","8.80K","-0.07%"
"07/26/2018","194.61","194.19","196.16","193.35","14.36K","-0.04%"
"07/25/2018","194.68","195.52","196.50","194.37","46.36K","-1.00%"
"07/24/2018","196.65","190.80","198.32","190.00","52.93K","2.93%"
"07/23/2018","191.06","192.99","193.36","190.80","16.90K","-1.35%"
"07/20/2018","193.68","193.49","193.91","192.50","16.64K","0.23%"
"07/19/2018","193.24","193.73","194.20","192.77","22.25K","-0.40%"
"07/18/2018","194.02","193.79","194.91","192.02","36.82K","0.01%"
"07/17/2018","194.01","198.26","198.70","193.55","27.99K","-1.99%"
"07/16/2018","197.95","199.03","199.50","197.61","29.79K","0.09%"
"07/13/2018","197.77","199.13","199.70","197.50","23.75K","-0.68%"
"07/12/2018","199.13","197.00","199.94","196.25","46.44K","0.51%"
"07/11/2018","198.12","194.78","198.80","194.50","33.26K","1.88%"
"07/10/2018","194.47","191.50","195.85","191.50","70.52K","2.05%"
"07/09/2018","190.57","189.48","192.07","188.42","49.71K","0.05%"
"07/06/2018","190.47","191.91","192.31","189.60","20.11K","-0.82%"
"07/05/2018","192.04","194.81","195.20","191.64","33.78K","-1.40%"
"07/04/2018","194.76","194.99","197.00","194.50","60.14K","0.25%"
"07/03/2018","194.27","191.05","195.00","190.16","52.37K","1.37%"
"07/02/2018","191.65","191.64","194.00","190.01","15.80K","4.43%"
"06/29/2018","183.52","184.50","184.57","182.21","10.47K","-0.71%"
"06/28/2018","184.83","186.16","187.50","184.20","21.26K","-0.80%"
"06/27/2018","186.32","187.50","189.19","185.09","28.63K","-1.01%"
"06/26/2018","188.22","190.00","192.15","187.37","15.71K","-1.75%"
"06/25/2018","191.58","191.00","193.15","183.00","27.88K","-0.52%"
"06/22/2018","192.59","193.97","194.39","191.26","42.34K","-0.74%"
"06/21/2018","194.03","195.20","195.20","193.30","10.34K","-0.81%"
"06/20/2018","195.62","196.00","196.50","194.88","14.90K","0.28%"
"06/19/2018","195.08","196.40","197.49","194.88","36.03K","-0.52%"
"06/18/2018","196.09","194.19","196.99","193.62","18.69K","0.22%"
"06/14/2018","195.65","196.20","198.00","194.01","12.44K","0.20%"
"06/13/2018","195.26","192.50","197.96","192.50","37.85K","1.47%"
"06/12/2018","192.43","190.96","192.70","190.72","20.85K","1.03%"
"06/11/2018","190.46","189.00","191.00","188.32","20.78K","0.37%"
"06/08/2018","189.75","189.20","191.89","189.13","31.56K","0.32%"
"06/07/2018","189.15","193.00","194.00","188.20","37.49K","-1.88%"
"06/06/2018","192.77","194.40","195.20","192.05","34.38K","-0.67%"
"06/05/2018","194.08","194.43","194.83","193.30","19.70K","0.08%"
"06/04/2018","193.93","194.65","196.71","192.12","27.51K","-0.25%"
"06/01/2018","194.41","193.55","196.50","192.93","37.63K","0.72%"
"05/31/2018","193.02","190.35","193.50","189.95","44.59K","1.38%"
"05/30/2018","190.39","192.00","193.97","189.20","47.12K","-1.91%"
"05/29/2018","194.10","193.30","197.40","192.63","50.88K","-0.21%"
"05/28/2018","194.51","199.00","199.00","193.00","49.07K","-3.20%"
"05/25/2018","200.95","204.40","204.90","196.52","49.05K","-1.69%"
"05/24/2018","204.40","200.00","205.00","197.00","78.54K","-0.82%"
"05/23/2018","206.10","197.01","215.00","197.01","66.25K","5.01%"
"05/22/2018","196.26","193.15","199.97","192.00","42.08K","1.48%"
"05/21/2018","193.39","190.00","193.78","190.00","26.17K","1.99%"
"05/18/2018","189.62","188.80","189.72","187.76","13.02K","0.78%"
"05/17/2018","188.15","188.00","188.71","187.03","20.91K","0.66%"
"05/16/2018","186.91","189.70","190.73","186.30","51.91K","-1.14%"
"05/15/2018","189.07","188.00","194.64","187.50","37.00K","1.17%"
"05/14/2018","186.89","186.07","188.00","186.07","19.13K","0.30%"
"05/11/2018","186.34","183.95","186.98","183.75","20.67K","1.26%"
"05/10/2018","184.03","184.90","185.08","183.33","22.76K","-0.40%"
"05/09/2018","184.76","185.50","188.00","180.72","32.27K","-0.22%"
"05/08/2018","185.17","184.40","185.33","184.00","10.99K","0.48%"
"05/07/2018","184.29","183.25","184.44","182.24","9.88K","0.57%"
"05/04/2018","183.25","183.29","186.00","182.50","31.32K","0.17%"
"05/03/2018","182.93","180.00","183.34","179.26","24.92K","2.00%"
"05/02/2018","179.34","174.70","179.50","174.70","33.10K","5.05%"
"04/30/2018","170.72","171.28","171.95","170.05","11.47K","-0.77%"
"04/27/2018","172.05","172.62","173.11","171.00","17.54K","-0.58%"
"04/26/2018","173.05","174.60","174.78","173.00","14.60K","-1.05%"
"04/25/2018","174.89","175.40","175.40","172.00","48.51K","-0.39%"
"04/24/2018","175.58","175.79","175.97","174.89","7.93K","-0.11%"
"04/20/2018","175.77","175.30","176.50","174.68","11.70K","0.27%"
"04/19/2018","175.30","176.40","176.89","175.15","15.13K","-0.51%"
"04/18/2018","176.19","178.70","179.35","175.12","21.68K","-1.13%"
"04/17/2018","178.21","179.00","180.00","177.40","20.30K","-0.78%"
"04/16/2018","179.62","178.45","179.84","178.00","18.39K","0.73%"
"04/13/2018","178.32","178.00","179.50","176.56","25.69K","0.42%"
"04/12/2018","177.58","181.99","182.25","177.40","49.47K","-2.57%"
"04/11/2018","182.27","179.95","184.50","179.22","46.48K","2.23%"
"04/10/2018","178.29","175.20","179.96","175.20","56.01K","1.60%"
"04/09/2018","175.49","174.21","176.01","174.01","44.72K","0.32%"
"04/06/2018","174.93","174.36","175.12","173.80","9.29K","0.67%"
"04/05/2018","173.77","173.50","174.62","172.78","39.90K","-0.02%"
"04/04/2018","173.81","173.20","175.50","172.86","48.73K","0.77%"
"04/03/2018","172.48","172.85","173.50","172.35","28.18K","-0.05%"
"04/02/2018","172.57","170.70","172.80","170.70","25.86K","1.15%"
"03/30/2018","170.60","170.56","170.85","170.00","13.44K","-0.13%"
"03/29/2018","170.82","173.10","173.38","170.65","22.53K","-1.41%"
"03/28/2018","173.27","174.00","174.98","173.20","18.55K","-0.42%"
"03/27/2018","174.00","175.00","175.49","173.62","17.54K","-0.79%"
"03/26/2018","175.38","173.08","175.79","172.75","22.06K","1.33%"
"03/23/2018","173.08","171.00","173.88","171.00","23.20K","1.59%"
"03/22/2018","170.37","170.00","170.85","169.15","6.68K","0.72%"
"03/21/2018","169.16","168.28","169.76","168.02","3.29K","0.55%"
"03/20/2018","168.23","168.90","169.34","167.75","6.20K","-0.32%"
"03/19/2018","168.77","167.50","169.35","167.50","4.75K","0.22%"
"03/16/2018","168.40","168.00","168.93","167.46","8.69K","0.53%"
"03/15/2018","167.51","166.65","168.89","166.65","13.56K","-0.23%"
"03/14/2018","167.89","167.97","168.00","166.73","9.74K","0.61%"
"03/13/2018","166.87","165.41","167.99","165.41","16.01K","0.82%"
"03/12/2018","165.51","165.15","165.81","164.70","10.12K","0.32%"
"03/09/2018","164.98","165.69","165.75","164.05","10.41K","-0.19%"
"03/08/2018","165.30","165.82","166.20","165.21","5.43K","-0.31%"
"03/07/2018","165.81","166.00","166.47","165.50","8.11K","0.00%"
"03/06/2018","165.81","165.50","166.04","165.00","6.94K","0.07%"
"03/05/2018","165.70","166.37","167.95","165.51","13.87K","-0.26%"
"03/02/2018","166.13","164.90","166.96","164.20","17.54K","1.58%"
"03/01/2018","163.55","164.96","164.96","163.01","11.93K","1.50%"
"02/28/2018","161.14","161.40","161.99","160.22","7.47K","-0.44%"
"02/27/2018","161.85","162.05","162.64","161.50","1.82K","-0.26%"
"02/26/2018","162.28","162.80","163.25","162.25","3.55K","0.17%"
"02/23/2018","162.00","161.82","162.60","160.60","1.58K","-0.34%"
"02/22/2018","162.55","162.74","163.25","161.71","2.75K","0.06%"
"02/21/2018","162.46","163.40","163.40","162.10","7.29K","-1.20%"
"02/20/2018","164.44","163.40","164.92","162.71","5.20K","0.59%"
"02/19/2018","163.47","163.66","163.69","163.03","6.02K","-0.27%"
"02/16/2018","163.91","164.88","165.29","163.50","6.50K","-0.36%"
"02/15/2018","164.50","164.60","165.25","164.05","7.80K","0.01%"
"02/14/2018","164.48","163.60","164.78","162.50","15.47K","0.89%"
"02/13/2018","163.03","162.90","163.50","162.50","4.64K","0.23%"
"02/12/2018","162.65","163.26","163.26","162.20","10.54K","0.04%"
"02/09/2018","162.58","162.85","163.68","162.36","11.60K","-0.14%"
"02/08/2018","162.80","162.30","162.82","161.35","10.81K","0.26%"
"02/07/2018","162.38","162.50","163.40","161.98","10.10K","-0.45%"
"02/06/2018","163.11","163.75","164.98","162.59","16.56K","0.16%"
"02/05/2018","162.85","163.17","163.28","162.02","18.72K","0.07%"
"02/02/2018","162.74","163.97","164.37","160.60","19.39K","-0.15%"
"02/01/2018","162.99","163.65","164.31","162.80","11.45K","-0.63%"
"01/31/2018","164.03","164.70","164.70","163.75","17.90K","-0.74%"
"01/30/2018","165.25","164.90","165.42","164.30","17.15K","0.02%"
"01/29/2018","165.21","164.88","165.74","164.81","9.09K","0.02%"
"01/26/2018","165.18","165.46","165.46","164.80","9.64K","-0.14%"
"01/25/2018","165.41","165.60","166.50","164.77","15.74K","0.26%"
"01/24/2018","164.98","164.89","165.25","160.25","27.47K","0.30%"
"01/23/2018","164.48","164.40","165.70","164.17","11.42K","-0.09%"
"01/22/2018","164.63","165.25","166.20","164.40","29.92K","-0.48%"
"01/19/2018","165.42","164.49","165.60","164.15","35.82K","0.78%"
"01/18/2018","164.14","165.86","165.86","163.85","21.11K","-1.30%"
"01/17/2018","166.31","165.30","167.00","165.02","23.01K","0.50%"
"01/16/2018","165.48","166.60","167.36","164.90","51.62K","-0.48%"
"01/15/2018","166.27","164.74","167.49","164.50","27.72K","1.83%"
"01/12/2018","163.28","164.45","164.45","162.70","14.99K","-0.45%"
"01/11/2018","164.01","164.10","164.55","163.34","10.96K","-0.15%"
"01/10/2018","164.26","161.99","165.00","161.85","20.12K","1.43%"
"01/09/2018","161.95","162.37","162.43","161.55","6.42K","-0.01%"
"01/08/2018","161.96","162.04","162.41","161.31","4.39K","-0.01%"
"01/05/2018","161.98","162.74","162.79","161.50","6.94K","-0.24%"
"01/04/2018","162.37","162.46","163.00","162.00","5.99K","-0.26%"
"01/03/2018","162.79","162.54","163.28","162.00","18.42K","0.33%"
"01/02/2018","162.25","162.00","162.98","161.83","5.18K","3.10%"
"12/29/2017","157.37","156.70","158.27","156.62","10.27K","0.18%"
"12/28/2017","157.09","158.81","159.00","156.05","3.40K","-0.54%"
"12/27/2017","157.95","157.00","158.30","157.00","6.49K","0.75%"
"12/26/2017","156.78","156.45","157.45","155.80","13.10K","0.59%"
"12/25/2017","155.86","156.38","156.55","155.80","3.05K","-0.42%"
"12/22/2017","156.52","156.63","156.74","153.99","6.04K","0.16%"
"12/21/2017","156.27","156.68","156.98","155.91","7.02K","-0.24%"
"12/20/2017","156.64","156.70","159.00","156.25","4.78K","0.09%"
"12/19/2017","156.50","156.55","156.99","156.00","9.68K","-0.01%"
"12/18/2017","156.52","156.60","157.93","156.09","11.09K","-0.51%"
"12/15/2017","157.32","157.12","157.64","156.55","7.88K","0.13%"
"12/14/2017","157.12","155.88","158.10","154.81","24.32K","1.04%"
"12/13/2017","155.51","154.44","157.95","154.11","11.34K","0.84%"
"12/12/2017","154.22","154.00","155.09","153.99","34.38K","-0.19%"
"12/11/2017","154.52","154.54","155.59","154.05","6.78K","-0.57%"
"12/08/2017","155.41","157.00","157.49","154.20","21.83K","-1.27%"
"12/07/2017","157.41","157.51","157.98","157.07","9.90K","-0.32%"
"12/06/2017","157.92","158.87","159.06","157.50","30.85K","-0.04%"
"12/05/2017","157.99","160.50","160.89","156.25","15.55K","-1.95%"
"12/04/2017","161.14","162.84","163.37","161.01","8.76K","-0.70%"
"12/01/2017","162.27","163.05","164.50","161.70","15.70K","-0.72%"
"11/30/2017","163.44","165.25","165.25","163.03","30.41K","-1.36%"
"11/29/2017","165.69","166.60","166.97","165.33","15.97K","-0.19%"
"11/28/2017","166.00","165.09","166.36","164.16","35.36K","0.81%"
"11/27/2017","164.66","164.37","165.75","164.30","26.44K","-0.28%"
"11/24/2017","165.13","165.07","165.90","164.20","32.15K","0.12%"
"11/23/2017","164.93","164.90","165.87","163.82","24.92K","-0.23%"
"11/22/2017","165.31","165.79","166.13","165.03","24.54K","-0.02%"
"11/21/2017","165.35","165.84","165.98","164.21","17.13K","0.51%"
"11/20/2017","164.51","163.08","165.50","162.52","17.99K","0.99%"
"11/17/2017","162.90","161.50","163.28","161.50","11.98K","0.60%"
"11/16/2017","161.93","162.55","162.55","161.15","11.14K","-0.53%"
"11/15/2017","162.80","162.71","163.97","162.25","29.76K","0.25%"
"11/14/2017","162.39","161.99","163.15","160.50","18.01K","0.30%"
"11/13/2017","161.91","162.00","162.99","160.75","16.78K","-0.18%"
"11/10/2017","162.21","162.50","162.90","161.61","5.53K","-0.07%"
"11/09/2017","162.32","162.60","163.19","161.59","20.77K","-0.50%"
"11/08/2017","163.14","161.55","163.50","161.51","28.48K","0.78%"
"11/07/2017","161.88","160.85","167.00","160.62","10.15K","1.36%"
"11/06/2017","159.71","161.05","161.45","159.51","16.51K","-0.44%"
"11/03/2017","160.42","159.30","161.48","158.37","18.12K","0.40%"
"11/02/2017","159.78","159.09","160.75","159.00","9.98K","-0.15%"
"11/01/2017","160.02","159.00","160.56","158.26","16.08K","3.70%"
"10/31/2017","154.31","155.83","155.83","153.81","16.31K","-0.38%"
"10/30/2017","154.90","154.49","155.01","153.25","7.53K","-0.32%"
"10/27/2017","155.40","156.54","156.54","154.91","46.43K","-0.30%"
"10/26/2017","155.86","154.50","157.11","153.55","18.26K","1.30%"
"10/25/2017","153.86","153.60","153.99","153.15","4.26K","0.20%"
"10/24/2017","153.55","153.00","153.72","152.84","11.20K","0.55%"
"10/23/2017","152.71","152.02","152.81","151.63","6.86K","0.33%"
"10/20/2017","152.21","151.72","152.51","151.57","15.90K","-0.05%"
"10/19/2017","152.29","151.97","152.64","151.70","15.34K","0.00%"
"10/18/2017","152.29","152.85","152.85","151.88","10.58K","-0.33%"
"10/17/2017","152.80","152.96","153.43","152.11","8.97K","-0.54%"
"10/16/2017","153.63","153.20","154.06","153.20","11.07K","0.35%"
"10/13/2017","153.09","153.35","153.76","152.78","20.87K","-0.07%"
"10/12/2017","153.19","153.00","154.00","152.22","15.46K","-0.14%"
"10/11/2017","153.41","154.22","154.65","153.05","18.36K","-0.59%"
"10/10/2017","154.32","154.12","155.89","153.15","28.87K","-0.66%"
"10/09/2017","155.35","150.00","155.45","150.00","48.37K","4.02%"
"10/06/2017","149.35","147.90","149.62","147.90","23.54K","0.84%"
"10/05/2017","148.10","148.25","148.66","147.90","14.85K","-0.07%"
"10/04/2017","148.21","148.45","148.65","148.00","18.59K","-0.05%"
"10/03/2017","148.29","148.24","149.85","147.55","35.27K","0.22%"
"10/02/2017","147.97","148.49","148.49","147.55","6.12K","-0.44%"
"09/29/2017","148.62","149.08","149.21","148.20","5.99K","-0.14%"
"09/28/2017","148.83","149.01","149.50","148.60","12.56K","-0.33%"
"09/27/2017","149.32","149.50","151.85","149.01","11.51K","-0.39%"
"09/26/2017","149.90","149.54","150.81","149.31","56.06K","-0.17%"
"09/25/2017","150.15","147.75","150.49","145.00","9.48K","1.59%"
"09/22/2017","147.80","148.42","148.42","147.30","11.68K","-0.11%"
"09/21/2017","147.97","148.50","149.85","147.50","17.58K","-0.56%"
"09/20/2017","148.80","148.75","149.85","148.36","2.87K","-0.31%"
"09/19/2017","149.27","148.90","149.83","148.33","7.34K","0.42%"
"09/18/2017","148.64","148.28","148.94","147.75","16.59K","-0.06%"
"09/15/2017","148.73","150.00","150.00","148.51","12.03K","-0.34%"
"09/14/2017","149.24","149.58","150.40","149.17","3.93K","-0.15%"
"09/13/2017","149.47","149.00","150.25","148.80","7.13K","0.30%"
"09/12/2017","149.02","148.00","149.25","147.80","8.15K","0.26%"
"09/11/2017","148.64","150.00","150.00","148.38","13.48K","-1.08%"
"09/08/2017","150.26","150.49","151.38","150.10","7.89K","-0.15%"
"09/07/2017","150.49","150.02","150.69","149.80","5.88K","-0.27%"
"09/06/2017","150.90","150.50","151.50","150.50","8.95K","0.40%"
"09/05/2017","150.30","150.50","151.00","149.90","20.10K","1.08%"
"08/31/2017","148.70","149.00","150.90","147.99","4.83K","1.84%"
"08/29/2017","146.01","146.00","146.89","145.67","12.01K","1.01%"
"08/28/2017","144.55","143.85","145.41","143.74","6.68K","0.54%"
"08/25/2017","143.77","144.44","145.04","143.00","9.20K","-0.59%"
"08/24/2017","144.62","144.94","144.94","144.14","8.06K","-0.32%"
"08/23/2017","145.08","145.00","145.69","144.92","5.43K","-0.04%"
"08/22/2017","145.14","145.45","145.59","144.52","4.93K","-0.38%"
"08/21/2017","145.70","146.50","146.59","145.23","10.41K","-1.04%"
"08/18/2017","147.23","146.70","148.00","146.03","14.20K","0.74%"
"08/17/2017","146.15","146.20","146.74","145.73","7.58K","0.53%"
"08/16/2017","145.38","146.00","146.00","144.73","6.47K","-0.04%"
"08/15/2017","145.44","146.15","146.15","144.02","11.80K","-0.79%"
"08/14/2017","146.60","147.32","147.32","146.01","9.65K","-0.42%"
"08/11/2017","147.22","147.02","148.56","142.22","19.18K","0.20%"
"08/10/2017","146.93","146.69","147.39","146.25","15.29K","0.72%"
"08/09/2017","145.88","144.99","146.39","144.99","18.59K","1.42%"
"08/08/2017","143.84","144.08","144.76","143.45","3.14K","-0.28%"
"08/07/2017","144.25","144.04","144.70","143.76","9.09K","0.03%"
"08/04/2017","144.21","145.89","145.94","144.21","8.63K","-1.05%"
"08/03/2017","145.74","145.35","145.86","144.92","5.19K","0.02%"
"08/02/2017","145.71","145.25","145.94","145.15","3.69K","0.33%"
"08/01/2017","145.23","145.55","145.94","144.66","8.34K","-0.19%"
"07/31/2017","145.51","145.44","145.64","144.85","5.00K","0.12%"
"07/28/2017","145.33","144.74","145.40","144.43","1.71K","0.49%"
"07/27/2017","144.62","145.20","145.64","144.05","5.52K","0.14%"
"07/26/2017","144.42","145.00","145.11","144.00","7.68K","-0.55%"
"07/25/2017","145.22","145.75","145.76","144.70","11.54K","-0.32%"
"07/24/2017","145.68","144.42","145.96","144.05","15.74K","0.93%"
"07/21/2017","144.34","142.93","144.45","142.93","4.98K","0.85%"
"07/20/2017","143.13","142.90","143.38","142.38","6.18K","0.30%"
"07/19/2017","142.70","142.84","143.15","142.45","5.02K","-0.21%"
"07/18/2017","143.00","142.70","143.33","141.88","7.92K","0.57%"
"07/17/2017","142.19","142.85","142.85","142.10","5.55K","-0.08%"
"07/14/2017","142.30","142.49","143.50","141.85","9.24K","-0.20%"
"07/13/2017","142.58","142.57","143.27","142.49","6.09K","-0.45%"
"07/12/2017","143.23","143.68","144.20","142.80","8.98K","-0.26%"
"07/11/2017","143.60","143.39","144.80","143.05","7.82K","0.16%"
"07/10/2017","143.37","143.60","143.70","142.57","9.73K","-0.38%"
"07/07/2017","143.91","145.01","145.75","143.50","8.93K","-1.05%"
"07/06/2017","145.44","144.73","146.00","144.46","15.93K","0.59%"
"07/05/2017","144.59","143.40","144.79","143.11","22.54K","0.94%"
"07/04/2017","143.25","143.74","143.74","142.75","14.43K","-0.03%"
"07/03/2017","143.30","143.70","144.39","142.90","18.36K","1.93%"
"06/30/2017","140.59","140.75","141.16","140.00","17.38K","-0.22%"
"06/29/2017","140.90","142.42","142.42","140.30","17.96K","-0.48%"
"06/28/2017","141.58","141.73","142.60","141.35","8.09K","-0.32%"
"06/23/2017","142.04","141.80","142.25","141.52","2.90K","0.09%"
"06/22/2017","141.91","142.30","142.65","140.00","5.46K","0.05%"
"06/21/2017","141.84","141.90","142.76","141.50","10.03K","-0.31%"
"06/20/2017","142.28","141.18","142.36","141.01","6.39K","0.32%"
"06/19/2017","141.82","141.99","142.15","141.11","19.13K","-0.76%"
"06/16/2017","142.90","143.85","143.85","142.36","3.87K","-0.02%"
"06/15/2017","142.93","144.05","144.05","142.45","11.88K","-1.01%"
"06/14/2017","144.39","144.99","144.99","144.08","8.56K","-0.08%"
"06/13/2017","144.51","145.24","145.24","144.10","3.71K","-0.17%"
"06/12/2017","144.75","145.15","145.55","144.39","10.22K","-0.46%"
"06/09/2017","145.42","146.90","146.90","145.17","14.42K","-0.75%"
"06/08/2017","146.52","148.15","148.31","146.04","16.87K","-1.23%"
"06/07/2017","148.35","147.11","149.00","147.11","8.87K","0.53%"
"06/06/2017","147.57","146.92","148.25","142.42","33.57K","0.74%"
"06/05/2017","146.48","145.99","146.96","145.27","11.78K","0.72%"
"06/02/2017","145.44","145.30","145.67","144.44","31.32K","0.01%"
"06/01/2017","145.43","146.10","146.17","145.30","8.61K","-0.41%"
"05/31/2017","146.03","146.89","147.00","145.14","18.56K","0.03%"
"05/30/2017","145.98","147.89","148.15","145.84","33.37K","-1.18%"
"05/29/2017","147.72","147.06","147.90","147.00","3.21K","0.12%"
"05/26/2017","147.54","146.16","147.64","146.16","16.59K","1.01%"
"05/25/2017","146.06","146.08","146.45","145.75","7.00K","-0.10%"
"05/24/2017","146.20","145.21","146.40","140.52","19.20K","-0.35%"
"05/23/2017","146.71","146.75","147.50","146.44","5.84K","-0.05%"
"05/22/2017","146.79","147.00","147.20","145.82","36.83K","-0.81%"
"05/18/2017","147.99","146.50","149.50","146.29","36.28K","1.15%"
"05/17/2017","146.31","144.28","146.49","143.76","26.21K","1.68%"
"05/16/2017","143.89","143.10","144.44","142.56","12.94K","0.41%"
"05/15/2017","143.30","143.41","144.43","142.94","29.21K","-0.60%"
"05/12/2017","144.16","144.45","145.07","144.00","13.00K","-0.12%"
"05/11/2017","144.33","144.40","144.75","143.05","9.33K","0.36%"
"05/10/2017","143.81","144.15","144.92","143.60","24.26K","0.31%"
"05/09/2017","143.36","143.63","144.99","143.20","20.02K","-0.32%"
"05/08/2017","143.82","143.50","144.07","142.71","11.46K","0.45%"
"05/05/2017","143.17","144.66","144.75","143.11","14.51K","-0.55%"
"05/04/2017","143.96","144.15","144.38","143.05","13.85K","-0.76%"
"05/03/2017","145.06","145.55","145.96","144.45","11.75K","-0.39%"
"05/02/2017","145.63","147.78","147.78","143.00","15.80K","0.65%"
"04/28/2017","144.69","145.40","145.40","144.35","10.84K","-0.34%"
"04/27/2017","145.19","145.02","145.69","144.57","12.25K","-0.01%"
"04/26/2017","145.21","146.85","146.85","144.00","14.38K","-1.12%"
"04/25/2017","146.85","146.61","149.00","146.14","9.44K","-0.22%"
"04/24/2017","147.18","149.50","149.50","146.99","19.30K","-2.54%"
"04/21/2017","151.01","150.98","151.16","149.94","3.44K","0.08%"
"04/20/2017","150.89","151.36","151.36","149.77","21.86K","-0.31%"
"04/19/2017","151.36","152.50","152.50","151.00","27.83K","-0.90%"
"04/18/2017","152.73","153.00","153.30","152.32","19.34K","0.12%"
"04/17/2017","152.54","152.92","152.99","150.75","43.36K","-0.22%"
"04/14/2017","152.88","152.03","153.21","151.97","9.18K","0.58%"
"04/13/2017","152.00","151.35","152.75","151.27","26.19K","0.48%"
"04/12/2017","151.28","152.12","152.39","150.85","38.40K","-0.67%"
"04/11/2017","152.30","150.76","152.50","150.73","25.78K","0.88%"
"04/10/2017","150.97","151.00","151.78","150.70","26.29K","-1.26%"
"04/07/2017","152.90","151.09","152.99","148.67","63.88K","1.82%"
"04/06/2017","150.16","150.30","151.02","150.00","12.34K","0.68%"
"04/05/2017","149.15","149.20","150.30","148.80","14.33K","-0.01%"
"04/04/2017","149.16","148.00","149.50","148.00","26.24K","0.80%"
"04/03/2017","147.97","146.90","148.05","146.51","13.10K","0.43%"
"03/31/2017","147.33","147.01","147.59","146.55","20.36K","0.07%"
"03/30/2017","147.23","148.27","148.48","147.21","7.33K","-0.91%"
"03/29/2017","148.58","148.10","148.73","147.96","7.47K","0.50%"
"03/28/2017","147.84","147.21","148.20","147.20","12.85K","0.22%"
"03/27/2017","147.52","147.00","147.89","146.75","13.00K","0.38%"
"03/24/2017","146.96","146.84","148.25","146.48","19.80K","0.00%"
"03/23/2017","146.96","146.44","147.64","146.44","4.63K","-0.02%"
"03/22/2017","146.99","146.00","147.80","146.00","22.86K","0.77%"
"03/21/2017","145.87","145.21","145.99","144.68","6.67K","0.25%"
"03/20/2017","145.50","145.62","146.05","145.37","12.41K","0.21%"
"03/17/2017","145.20","145.50","145.58","144.35","20.51K","-0.49%"
"03/16/2017","145.91","146.89","147.55","145.59","11.00K","-0.15%"
"03/15/2017","146.13","147.03","147.64","145.88","22.61K","-1.08%"
"03/14/2017","147.72","147.50","147.90","147.07","4.83K","0.26%"
"03/13/2017","147.34","147.25","148.05","146.82","18.10K","0.47%"
"03/10/2017","146.65","147.10","147.94","146.40","11.45K","-0.86%"
"03/09/2017","147.92","148.10","148.27","147.38","17.99K","0.31%"
"03/08/2017","147.47","148.50","148.50","146.30","16.43K","0.33%"
"03/07/2017","146.99","148.80","148.96","146.58","27.92K","-1.67%"
"03/06/2017","149.48","164.12","164.12","149.20","1.84K","0.19%"
"03/03/2017","149.20","149.26","150.20","148.80","8.24K","-0.57%"
"03/02/2017","150.05","148.20","150.20","148.11","31.29K","0.73%"
"03/01/2017","148.96","149.00","149.50","147.90","15.77K","2.19%"
"02/28/2017","145.77","145.35","145.90","145.00","25.75K","0.16%"
"02/27/2017","145.53","145.40","145.69","144.51","6.18K","0.40%"
"02/24/2017","144.95","143.80","145.70","143.80","10.64K","1.02%"
"02/23/2017","143.49","142.60","147.78","142.44","12.45K","-0.02%"
"02/22/2017","143.52","144.10","144.27","143.43","9.51K","-0.44%"
"02/21/2017","144.15","144.40","144.85","143.62","13.45K","-0.46%"
"02/20/2017","144.82","145.80","145.80","144.10","46.88K","-1.01%"
"02/17/2017","146.30","146.78","147.33","146.00","23.31K","-0.02%"
"02/16/2017","146.33","145.85","147.20","145.80","27.17K","0.45%"
"02/15/2017","145.68","144.82","145.80","144.19","20.36K","0.44%"
"02/14/2017","145.04","145.30","146.30","144.82","15.70K","-0.42%"
"02/13/2017","145.65","147.07","147.30","145.59","9.48K","-0.97%"
"02/10/2017","147.07","146.50","147.20","145.40","25.34K","-0.96%"
"02/09/2017","148.49","149.52","149.52","147.60","15.89K","-0.70%"
"02/08/2017","149.53","148.64","149.89","148.55","23.87K","0.60%"
"02/07/2017","148.64","147.78","148.74","146.30","24.33K","1.34%"
"02/06/2017","146.67","145.30","147.00","145.12","8.41K","0.69%"
"02/03/2017","145.67","147.29","147.59","145.64","15.04K","-1.27%"
"02/02/2017","147.55","148.20","148.58","146.59","15.46K","0.14%"
"02/01/2017","147.34","147.91","148.76","147.11","19.44K","-0.85%"
"01/31/2017","148.60","147.85","148.85","147.01","14.83K","1.03%"
"01/30/2017","147.08","149.22","150.23","147.00","24.98K","-1.53%"
"01/27/2017","149.37","149.75","149.80","148.95","12.52K","0.46%"
"01/26/2017","148.69","148.70","150.30","148.07","20.61K","-0.46%"
"01/25/2017","149.37","147.75","149.80","146.70","12.12K","0.64%"
"01/24/2017","148.42","148.83","150.50","147.40","10.59K","-0.28%"
"01/23/2017","148.84","149.20","149.39","148.19","2.44K","0.17%"
"01/20/2017","148.59","149.79","150.05","148.08","11.03K","-0.44%"
"01/19/2017","149.24","148.40","149.85","148.31","13.38K","0.13%"
"01/18/2017","149.04","148.96","149.79","148.01","4.81K","0.05%"
"01/17/2017","148.97","149.19","150.37","148.55","17.67K","0.49%"
"01/16/2017","148.25","148.98","154.99","146.65","11.03K","0.94%"
"01/13/2017","146.87","147.95","148.90","146.65","8.85K","-0.49%"
"01/12/2017","147.59","149.85","153.77","146.32","97.63K","-1.97%"
"01/11/2017","150.56","147.00","151.51","147.00","40.69K","3.19%"
"01/10/2017","145.90","144.99","157.54","144.05","25.43K","1.88%"
"01/09/2017","143.21","140.00","144.68","139.56","22.15K","3.30%"
"01/06/2017","138.63","138.42","138.89","138.01","7.33K","0.13%"
"01/05/2017","138.45","136.65","139.00","136.43","39.12K","2.03%"
"01/04/2017","135.70","135.50","136.30","135.11","10.98K","0.50%"
"01/03/2017","135.02","134.00","135.35","133.49","16.94K","1.45%"
"01/02/2017","133.09","133.47","133.47","132.15","6.09K","1.39%"
"12/30/2016","131.26","131.00","131.51","130.50","30.91K","0.70%"
"12/29/2016","130.35","130.71","131.06","130.13","4.95K","0.32%"
"12/28/2016","129.93","129.91","130.28","129.86","2.83K","0.36%"
"12/27/2016","129.46","128.55","129.59","128.55","8.92K","1.05%"
"12/26/2016","128.12","128.25","128.25","127.98","0.39K","-0.10%"
"12/23/2016","128.25","127.98","128.34","127.81","2.35K","0.31%"
"12/22/2016","127.86","128.05","128.31","127.65","2.77K","-0.45%"
"12/21/2016","128.44","128.80","129.00","128.39","11.69K","0.35%"
"12/20/2016","127.99","129.00","129.59","127.08","13.03K","-0.71%"
"12/19/2016","128.90","128.67","129.08","128.46","9.21K","0.47%"
"12/16/2016","128.30","128.70","128.78","127.77","3.38K","-0.06%"
"12/15/2016","128.38","129.70","130.00","128.24","19.56K","-1.85%"
"12/14/2016","130.80","131.05","131.50","130.28","7.41K","0.75%"
"12/13/2016","129.82","130.76","131.34","129.76","10.31K","-0.70%"
"12/12/2016","130.74","134.00","134.00","130.45","8.40K","-0.17%"
"12/09/2016","130.96","130.94","131.71","129.50","10.66K","-0.03%"
"12/08/2016","131.00","128.50","132.00","127.37","26.02K","1.10%"
"12/07/2016","129.57","130.30","130.95","129.50","24.27K","-1.07%"
"12/06/2016","130.97","133.80","133.90","130.90","3.84K","-1.60%"
"12/05/2016","133.10","134.35","135.60","132.91","8.78K","-0.55%"
"12/02/2016","133.84","132.10","136.29","132.10","6.76K","1.34%"
"12/01/2016","132.07","130.99","132.60","130.70","4.73K","0.82%"
"11/30/2016","131.00","132.00","132.00","130.50","3.78K","-0.67%"
"11/29/2016","131.88","131.60","132.75","131.31","1.59K","-0.10%"
"11/28/2016","132.01","132.50","132.75","131.82","1.87K","-0.79%"
"11/25/2016","133.06","132.86","133.30","132.26","4.13K","0.57%"
"11/24/2016","132.31","131.01","132.32","130.00","7.31K","0.62%"
"11/23/2016","131.49","133.09","133.69","131.10","2.21K","-1.07%"
"11/22/2016","132.91","133.20","133.20","132.55","0.89K","0.23%"
"11/21/2016","132.60","131.50","133.71","131.50","1.73K","0.05%"
"11/18/2016","132.53","132.10","133.10","132.10","2.61K","-0.56%"
"11/17/2016","133.28","132.32","133.45","131.77","6.35K","0.75%"
"11/16/2016","132.29","132.50","131.25","132.50","","1.26%"
"11/15/2016","130.65","131.95","131.95","130.15","4.94K","0.58%"
"11/14/2016","129.90","132.00","132.00","128.25","4.37K","-1.97%"
"11/11/2016","132.51","133.00","133.80","132.50","10.88K","-0.67%"
"11/10/2016","133.40","134.10","135.00","133.04","8.17K","-1.48%"
"11/09/2016","135.40","130.00","140.00","129.00","17.31K","2.50%"
"11/08/2016","132.10","132.59","133.00","131.80","12.93K","-0.27%"
"11/07/2016","132.46","132.75","134.00","131.75","39.01K","-1.32%"
"11/04/2016","134.23","132.40","134.31","131.70","25.90K","2.34%"
"11/03/2016","131.16","131.85","132.30","130.40","31.37K","-0.80%"
"11/02/2016","132.22","130.50","132.40","130.50","13.48K","1.29%"
"11/01/2016","130.53","128.00","130.56","128.00","16.01K","2.71%"
"10/31/2016","127.09","126.85","127.50","126.85","7.45K","-0.21%"
"10/28/2016","127.36","127.29","127.43","126.80","2.90K","0.60%"
"10/27/2016","126.60","126.39","126.81","126.35","1.45K","0.38%"
"10/26/2016","126.12","125.80","126.52","125.80","0.87K","0.19%"
"10/25/2016","125.88","125.70","126.10","125.34","4.62K","0.66%"
"10/24/2016","125.05","125.60","126.00","124.75","4.37K","-0.62%"
"10/21/2016","125.83","124.77","126.18","124.70","6.60K","0.80%"
"10/20/2016","124.83","125.59","125.86","124.50","8.21K","-0.66%"
"10/19/2016","125.66","125.15","126.02","125.15","4.71K","-0.34%"
"10/18/2016","126.09","125.35","126.46","125.35","8.19K","0.42%"
"10/17/2016","125.56","125.30","125.69","125.00","7.28K","0.62%"
"10/14/2016","124.79","125.01","125.55","124.36","13.12K","-0.87%"
"10/13/2016","125.88","125.53","126.48","125.53","30.72K","0.36%"
"10/12/2016","125.43","124.50","125.90","124.50","4.10K","0.34%"
"10/11/2016","125.01","125.37","125.69","124.91","6.29K","-0.14%"
"10/10/2016","125.19","124.55","125.50","124.35","21.17K","0.96%"
"10/07/2016","124.00","123.50","124.48","123.50","9.47K","0.23%"
"10/06/2016","123.72","125.25","125.40","123.70","18.92K","-1.77%"
"10/05/2016","125.95","126.60","126.60","125.50","8.95K","-0.81%"
"10/04/2016","126.98","128.12","128.71","126.80","2.66K","-1.18%"
"10/03/2016","128.50","127.86","128.65","127.86","8.82K","0.10%"
"09/30/2016","128.37","128.50","129.18","128.09","3.08K","0.12%"
"09/29/2016","128.22","127.70","128.59","127.70","1.54K","0.13%"
"09/28/2016","128.05","128.02","128.19","127.59","0.58K","-0.15%"
"09/27/2016","128.24","128.80","128.99","128.01","4.86K","-0.88%"
"09/26/2016","129.38","128.75","129.70","128.75","5.93K","1.03%"
"09/23/2016","128.06","127.60","128.10","127.45","4.83K","0.24%"
"09/22/2016","127.75","127.76","127.90","127.36","4.05K","-0.27%"
"09/21/2016","128.09","127.50","128.29","127.41","3.04K","0.86%"
"09/20/2016","127.00","127.19","127.30","126.88","2.55K","-0.20%"
"09/19/2016","127.25","127.00","127.47","126.90","1.20K","0.33%"
"09/16/2016","126.83","126.83","127.26","126.64","6.12K","-1.50%"
"09/09/2016","128.76","128.37","129.60","128.35","6.99K","0.05%"
"09/08/2016","128.70","128.35","128.85","128.29","6.17K","0.25%"
"09/07/2016","128.38","128.39","128.80","128.30","3.39K","0.52%"
"09/06/2016","127.71","127.40","128.35","127.20","3.24K","0.36%"
"09/05/2016","127.25","126.60","127.43","126.60","2.45K","0.38%"
"09/02/2016","126.77","126.90","127.90","126.20","10.66K","-0.06%"
"09/01/2016","126.84","126.06","126.90","125.90","5.74K","1.90%"
"08/31/2016","124.47","125.10","125.11","124.25","17.47K","-1.02%"
"08/29/2016","125.75","125.66","125.75","125.20","4.63K","-0.17%"
"08/26/2016","125.96","125.31","126.48","125.14","7.11K","0.63%"
"08/25/2016","125.17","125.00","126.14","116.50","11.62K","-0.77%"
"08/24/2016","126.14","127.55","127.80","125.97","13.04K","-0.68%"
"08/23/2016","127.01","126.99","127.22","126.60","2.69K","0.03%"
"08/22/2016","126.97","126.79","127.26","126.20","5.75K","-0.06%"
"08/19/2016","127.05","127.61","128.00","126.68","5.11K","-0.36%"
"08/18/2016","127.51","127.75","127.99","127.10","2.51K","0.31%"
"08/17/2016","127.12","131.40","131.40","127.11","2.34K","-0.48%"
"08/16/2016","127.73","128.00","128.30","127.30","8.91K","-0.27%"
"08/15/2016","128.08","128.15","129.70","127.50","17.41K","-0.64%"
"08/12/2016","128.91","130.79","130.79","127.70","12.18K","0.18%"
"08/11/2016","128.68","128.35","128.95","128.15","5.28K","0.01%"
"08/10/2016","128.67","129.00","129.75","128.65","3.98K","0.06%"
"08/09/2016","128.59","128.55","129.10","128.27","4.56K","-0.26%"
"08/08/2016","128.93","129.60","129.88","128.52","19.88K","-1.23%"
"08/05/2016","130.53","132.89","132.89","130.47","30.13K","-1.45%"
"08/04/2016","132.45","132.11","133.99","131.50","13.95K","0.33%"
"08/03/2016","132.02","131.68","133.00","131.67","15.10K","0.30%"
"08/02/2016","131.62","130.80","131.75","130.76","7.51K","0.97%"
"08/01/2016","130.35","131.70","131.70","129.69","19.05K","0.19%"
"07/29/2016","130.10","130.15","130.60","129.80","11.20K","-0.38%"
"07/28/2016","130.60","133.33","133.33","130.00","15.20K","0.35%"
"07/27/2016","130.14","130.11","130.40","129.65","16.77K","-0.19%"
"07/26/2016","130.39","129.02","130.75","129.02","8.14K","0.78%"
"07/25/2016","129.38","130.05","130.87","128.82","12.73K","-1.26%"
"07/22/2016","131.03","131.90","132.12","130.63","15.53K","-0.83%"
"07/21/2016","132.13","130.50","132.23","130.12","43.56K","1.52%"
"07/20/2016","130.15","130.30","130.63","129.31","39.20K","-0.05%"
"07/19/2016","130.22","128.80","130.49","127.80","20.33K","1.71%"
"07/18/2016","128.03","126.20","129.00","124.20","26.44K","2.71%"
"07/15/2016","124.65","125.50","125.50","124.20","16.92K","-0.14%"
"07/14/2016","124.83","125.80","125.80","124.37","20.69K","-1.03%"
"07/13/2016","126.13","126.51","126.65","125.98","22.67K","-0.31%"
"07/12/2016","126.52","128.10","128.10","126.00","27.29K","-1.01%"
"07/11/2016","127.81","128.00","128.58","127.37","17.27K","-0.30%"
"07/08/2016","128.20","128.50","129.55","127.51","34.25K","0.87%"
"07/04/2016","127.09","126.50","127.23","126.50","10.88K","0.88%"
"07/01/2016","125.98","124.50","126.01","124.50","16.12K","3.20%"
"06/30/2016","122.07","123.15","123.15","122.00","11.50K","-1.01%"
"06/29/2016","123.32","122.32","124.00","122.32","6.11K","0.79%"
"06/28/2016","122.35","123.00","124.14","122.02","4.62K","-2.31%"
"06/27/2016","125.24","125.41","126.50","124.85","6.53K","1.52%"
"06/24/2016","123.37","125.00","125.45","122.59","33.98K","5.09%"
"06/23/2016","117.39","117.82","118.40","116.50","18.51K","-0.68%"
"06/22/2016","118.19","120.00","120.00","118.08","6.28K","-0.67%"
"06/21/2016","118.99","120.50","120.50","118.80","4.42K","-0.68%"
"06/20/2016","119.81","120.50","121.47","119.50","27.05K","-1.50%"
"06/17/2016","121.63","122.55","122.55","120.99","28.36K","-2.41%"
"06/16/2016","124.64","123.30","124.98","122.90","38.48K","2.79%"
"06/15/2016","121.26","122.30","122.30","121.00","6.24K","-0.28%"
"06/14/2016","121.60","120.25","122.00","120.25","8.70K","0.75%"
"06/13/2016","120.69","121.01","122.45","120.41","15.92K","0.58%"
"06/10/2016","120.00","117.81","120.25","117.81","8.80K","1.04%"
"06/09/2016","118.76","117.95","118.80","117.56","5.08K","1.03%"
"06/08/2016","117.55","117.00","117.68","116.89","8.73K","1.00%"
"06/07/2016","116.39","116.81","117.00","115.90","3.77K","-0.48%"
"06/06/2016","116.95","116.78","117.15","116.75","0.27K","-0.17%"
"06/03/2016","117.15","115.75","117.22","115.70","4.88K","1.23%"
"06/02/2016","115.73","115.95","116.25","115.61","1.68K","-0.20%"
"06/01/2016","115.96","116.10","116.64","115.80","2.99K","-0.07%"
"05/31/2016","116.04","116.10","116.26","115.50","3.51K","0.36%"
"05/30/2016","115.62","116.00","116.20","115.60","3.53K","-0.70%"
"05/27/2016","116.44","116.56","116.90","116.40","4.45K","-0.42%"
"05/26/2016","116.93","117.58","117.69","116.50","15.22K","0.39%"
"05/25/2016","116.47","118.06","118.06","116.35","8.58K","-1.48%"
"05/24/2016","118.22","121.99","121.99","118.11","15.61K","-2.77%"
"05/23/2016","121.59","121.10","121.80","120.99","6.61K","0.18%"
"05/20/2016","121.37","122.85","122.85","121.20","7.93K","-1.16%"
"05/18/2016","122.80","122.12","123.57","122.12","2.84K","-0.32%"
"05/17/2016","123.20","123.50","123.52","122.56","21.87K","-0.40%"
"05/16/2016","123.69","123.25","124.76","123.25","26.66K","0.81%"
"05/13/2016","122.70","122.70","123.49","122.03","10.50K","-0.11%"
"05/12/2016","122.84","122.60","122.90","121.78","5.33K","0.06%"
"05/11/2016","122.77","121.40","123.50","121.40","20.52K","1.53%"
"05/10/2016","120.92","121.53","121.60","120.84","4.61K","-0.44%"
"05/09/2016","121.45","122.50","123.99","121.00","5.67K","-1.18%"
"05/06/2016","122.90","122.46","125.98","121.55","8.39K","0.49%"
"05/05/2016","122.30","121.80","123.05","121.36","9.93K","1.28%"
"05/04/2016","120.75","119.28","121.29","119.20","6.30K","0.80%"
"05/03/2016","119.79","118.60","120.06","118.26","3.92K","1.11%"
"05/02/2016","118.48","118.00","119.00","115.14","7.70K","2.91%"
"04/29/2016","115.13","114.51","115.89","114.11","3.50K","1.48%"
"04/28/2016","113.45","113.21","114.17","105.49","0.92K","-0.20%"
"04/27/2016","113.68","112.90","113.70","112.15","2.41K","1.19%"
"04/26/2016","112.34","113.00","113.24","112.15","2.49K","-1.07%"
"04/25/2016","113.56","113.00","113.89","112.77","9.42K","0.08%"
"04/22/2016","113.47","113.60","114.00","113.20","0.59K","-0.49%"
"04/21/2016","114.03","114.75","115.15","112.30","0.68K","0.64%"
"04/20/2016","113.30","114.25","114.45","113.11","0.67K","-1.02%"
"04/19/2016","114.47","113.00","114.48","112.80","2.25K","0.69%"
"04/18/2016","113.68","113.99","114.25","113.27","0.22K","0.15%"
"04/15/2016","113.51","113.50","114.11","113.50","0.85K","-0.36%"
"04/14/2016","113.92","113.25","114.99","113.25","1.47K","-0.67%"
"04/13/2016","114.69","114.91","114.91","114.25","2.40K","-0.40%"
"04/12/2016","115.15","114.76","115.49","114.75","8.08K","0.40%"
"04/11/2016","114.69","114.90","115.50","114.00","2.23K","0.44%"
"04/08/2016","114.19","114.39","114.61","113.78","2.51K","-0.45%"
"04/07/2016","114.71","112.80","114.80","112.60","1.94K","1.50%"
"04/06/2016","113.01","112.50","113.49","112.50","1.93K","0.24%"
"04/05/2016","112.74","111.63","113.61","111.63","4.84K","1.48%"
"04/04/2016","111.10","111.95","111.95","111.05","1.65K","-0.45%"
"04/01/2016","111.60","114.70","114.70","108.53","6.72K","-1.49%"
"03/31/2016","113.29","113.02","113.78","113.00","0.93K","-0.24%"
"03/30/2016","113.56","114.28","114.40","113.50","0.53K","-0.76%"
"03/29/2016","114.43","114.90","114.90","113.68","1.54K","0.30%"
"03/28/2016","114.09","113.88","114.38","113.50","1.91K","0.17%"
"03/25/2016","113.90","113.25","114.25","113.25","1.71K","-0.66%"
"03/24/2016","114.66","114.02","114.99","113.80","7.62K","0.31%"
"03/23/2016","114.31","115.50","116.00","114.13","11.37K","-2.28%"
"03/22/2016","116.98","116.50","118.00","116.50","3.23K","1.05%"
"03/21/2016","115.77","116.50","116.99","115.52","2.92K","-1.07%"
"03/18/2016","117.02","117.67","117.93","116.20","1.17K","-0.76%"
"03/17/2016","117.92","119.00","119.00","115.03","3.95K","0.65%"
"03/16/2016","117.16","117.00","117.35","116.50","72.09K","0.45%"
"03/15/2016","116.63","115.99","123.01","115.50","7.81K","-0.48%"
"03/14/2016","117.19","118.70","118.80","117.10","3.02K","-0.72%"
"03/11/2016","118.04","121.45","121.45","117.87","13.45K","-1.54%"
"03/10/2016","119.89","118.01","120.19","117.03","13.85K","1.06%"
"03/09/2016","118.63","119.40","120.00","118.23","76.39K","-1.54%"
"03/08/2016","120.48","121.65","122.09","120.35","87.34K","-1.03%"
"03/07/2016","121.74","120.74","121.94","120.70","6.37K","0.16%"
"03/04/2016","121.54","120.49","122.20","120.00","30.06K","1.20%"
"03/03/2016","120.10","119.60","120.25","118.87","4.83K","0.24%"
"03/02/2016","119.81","118.00","120.00","117.70","75.13K","1.20%"
"03/01/2016","118.39","119.94","120.25","118.30","14.28K","1.44%"
"02/29/2016","116.71","116.51","117.69","116.51","7.58K","0.66%"
"02/26/2016","115.95","116.00","116.89","115.80","1.41K","-0.03%"
"02/25/2016","115.99","117.00","117.68","115.40","1.66K","-2.23%"
"02/24/2016","118.63","114.88","118.75","114.88","9.27K","2.71%"
"02/23/2016","115.50","115.25","116.05","114.92","2.67K","0.47%"
"02/22/2016","114.96","115.90","115.90","114.22","8.85K","-1.84%"
"02/19/2016","117.11","116.34","117.98","116.34","7.40K","1.15%"
"02/18/2016","115.78","115.00","115.90","114.75","0.64K","0.36%"
"02/17/2016","115.36","116.30","116.40","114.60","5.70K","-0.44%"
"02/16/2016","115.87","114.53","116.05","113.90","8.98K","1.16%"
"02/15/2016","114.54","113.10","115.50","111.25","9.70K","-1.83%"
"02/12/2016","116.68","118.00","118.10","116.29","5.54K","0.06%"
"02/11/2016","116.61","113.10","116.82","113.10","13.32K","4.32%"
"02/10/2016","111.78","113.40","113.40","111.45","3.70K","-1.04%"
"02/09/2016","112.95","113.15","113.99","112.70","7.83K","-0.56%"
"02/08/2016","113.59","109.00","113.79","109.00","12.39K","4.50%"
"02/05/2016","108.70","108.50","109.11","108.33","3.26K","0.17%"
"02/04/2016","108.52","108.40","108.90","107.60","5.67K","0.03%"
"02/03/2016","108.49","108.60","108.60","107.50","1.95K","0.16%"
"02/02/2016","108.32","108.09","108.41","107.82","5.45K","-0.21%"
"02/01/2016","108.55","108.07","108.70","108.00","6.58K","0.97%"
"01/29/2016","107.51","107.45","107.57","106.90","1.58K","-0.23%"
"01/28/2016","107.76","108.74","108.74","107.50","4.68K","-0.89%"
"01/27/2016","108.73","110.20","110.20","108.70","0.88K","-0.46%"
"01/26/2016","109.23","109.45","110.60","108.99","2.23K","0.55%"
"01/25/2016","108.63","107.76","108.81","107.76","1.39K","0.82%"
"01/22/2016","107.75","107.30","108.00","107.20","1.12K","-0.26%"
"01/21/2016","108.03","109.60","109.97","107.73","9.11K","-1.41%"
"01/20/2016","109.58","108.49","109.73","108.05","2.23K","1.91%"
"01/19/2016","107.53","107.00","108.25","107.00","1.26K","-0.43%"
"01/18/2016","107.99","108.40","108.50","107.60","0.47K","0.09%"
"01/15/2016","107.89","107.11","108.71","107.00","6.99K","0.47%"
"01/14/2016","107.39","107.25","108.10","106.90","1.49K","0.39%"
"01/13/2016","106.97","106.36","107.15","106.19","1.67K","-0.34%"
"01/12/2016","107.34","108.90","108.90","106.01","2.89K","-1.07%"
"01/11/2016","108.50","109.99","109.99","107.61","4.42K","0.08%"
"01/08/2016","108.41","107.50","108.60","107.00","4.77K","0.07%"
"01/07/2016","108.33","108.49","109.24","107.80","8.08K","0.69%"
"01/06/2016","107.59","105.99","107.98","105.24","5.75K","1.80%"
"01/05/2016","105.69","105.09","106.00","105.00","2.96K","0.12%"
"01/04/2016","105.56","103.60","105.80","103.60","4.32K","5.73%"